account_id,customer_id,account_type,open_date
200001,100001,Savings,2024-12-19
200002,100001,Cheque,2025-09-09
200003,100002,Savings,2022-07-30
200004,100002,Credit,2022-11-23
200005,100003,Cheque,2023-12-19
200006,100004,Savings,2025-05-28
200007,100004,Cheque,2026-06-27
200008,100005,Credit,2023-04-10
200009,100005,Savings,2024-05-25
200010,100006,Savings,2022-10-08
200011,100006,Credit,2022-10-05
200012,100006,Cheque,2024-09-30
200013,100007,Savings,2025-08-30
200014,100008,Savings,2026-06-16
200015,100009,Cheque,2025-02-05
200016,100009,Credit,2026-05-06
200017,100010,Credit,2025-07-16
200018,100010,Savings,2022-11-29
200019,100010,Cheque,2025-05-29
200020,100011,Credit,2024-12-25
200021,100011,Cheque,2025-08-21
200022,100012,Credit,2023-11-03
200023,100012,Cheque,2025-03-09
200024,100013,Cheque,2026-06-11
200025,100014,Credit,2024-01-31
200026,100015,Credit,2024-05-08
200027,100015,Savings,2026-03-21
200028,100016,Savings,2021-04-28
200029,100016,Credit,2023-08-09
200030,100017,Savings,2026-01-21
200031,100017,Cheque,2025-05-23
200032,100018,Credit,2025-07-06
200033,100018,Cheque,2023-03-15
200034,100019,Cheque,2024-10-24
200035,100020,Savings,2022-09-19
200036,100021,Savings,2026-06-26
200037,100021,Cheque,2026-06-26
200038,100022,Credit,2025-05-15
200039,100023,Savings,2023-07-25
200040,100024,Savings,2023-12-10
200041,100025,Cheque,2025-04-05
200042,100025,Credit,2024-03-15
200043,100026,Savings,2024-11-18
200044,100026,Credit,2025-03-31
200045,100027,Cheque,2025-12-16
200046,100027,Credit,2026-05-02
200047,100028,Credit,2024-02-24
200048,100029,Cheque,2022-01-12
200049,100030,Credit,2024-03-19
200050,100030,Cheque,2025-08-10
200051,100031,Credit,2025-08-02
200052,100031,Cheque,2026-05-19
200053,100031,Savings,2024-02-28
200054,100032,Credit,2025-09-22
200055,100032,Cheque,2026-04-06
200056,100033,Cheque,2026-06-23
200057,100033,Credit,2026-07-08
200058,100033,Savings,2026-06-27
200059,100034,Savings,2021-09-12
200060,100035,Cheque,2023-04-11
200061,100035,Savings,2021-03-20
200062,100036,Cheque,2022-12-20
200063,100037,Savings,2026-04-29
200064,100037,Credit,2026-06-13
200065,100037,Cheque,2026-05-23
200066,100038,Savings,2026-04-25
200067,100038,Credit,2025-10-17
200068,100039,Cheque,2026-06-17
200069,100039,Credit,2026-07-08
200070,100039,Savings,2026-07-03
200071,100040,Credit,2025-03-11
200072,100040,Savings,2024-09-25
200073,100041,Cheque,2026-02-24
200074,100042,Credit,2022-08-20
200075,100042,Cheque,2026-01-16
200076,100043,Savings,2026-04-10
200077,100043,Credit,2026-06-01
200078,100043,Cheque,2025-10-11
200079,100044,Credit,2025-11-24
200080,100044,Cheque,2025-05-05
200081,100045,Savings,2024-09-20
200082,100046,Cheque,2023-09-01
200083,100046,Savings,2024-04-03
200084,100047,Savings,2024-02-26
200085,100047,Cheque,2024-10-01
200086,100048,Savings,2022-04-19
200087,100048,Credit,2024-08-02
200088,100048,Cheque,2024-08-06
200089,100049,Cheque,2025-03-31
200090,100049,Savings,2026-01-02
200091,100050,Savings,2024-10-05
200092,100050,Cheque,2024-01-09
200093,100050,Credit,2025-11-09
200094,100051,Credit,2024-01-17
200095,100051,Savings,2026-03-21
200096,100052,Credit,2026-02-08
200097,100052,Savings,2025-06-21
200098,100052,Cheque,2023-03-08
200099,100053,Cheque,2025-12-09
200100,100053,Credit,2025-08-11
200101,100053,Savings,2025-08-04
200102,100054,Savings,2025-07-30
200103,100054,Cheque,2025-12-26
200104,100054,Credit,2025-03-08
200105,100055,Cheque,2022-05-16
200106,100056,Credit,2025-11-17
200107,100056,Savings,2024-11-25
200108,100057,Credit,2024-02-12
200109,100058,Savings,2024-05-16
200110,100058,Credit,2020-11-20
200111,100058,Cheque,2024-12-13
200112,100059,Credit,2025-09-02
200113,100059,Savings,2026-02-11
200114,100059,Cheque,2025-11-26
200115,100060,Cheque,2025-11-18
200116,100060,Credit,2025-11-03
200117,100061,Credit,2025-02-28
200118,100061,Cheque,2025-05-15
200119,100062,Cheque,2022-10-22
200120,100062,Credit,2026-04-04
200121,100062,Savings,2025-12-12
200122,100063,Credit,2022-12-12
200123,100063,Savings,2023-11-03
200124,100064,Cheque,2022-06-19
200125,100064,Credit,2023-05-11
200126,100064,Savings,2024-12-28
200127,100065,Savings,2026-03-24
200128,100065,Cheque,2021-07-23
200129,100065,Credit,2023-06-17
200130,100066,Cheque,2024-08-29
200131,100067,Credit,2024-07-27
200132,100068,Cheque,2022-12-30
200133,100069,Credit,2022-08-03
200134,100069,Cheque,2025-05-23
200135,100070,Savings,2025-07-10
200136,100070,Credit,2026-06-05
200137,100070,Cheque,2025-08-28
200138,100071,Savings,2026-02-08
200139,100072,Cheque,2023-11-11
200140,100072,Savings,2024-05-07
200141,100073,Cheque,2026-04-12
200142,100073,Savings,2025-02-15
200143,100074,Credit,2026-03-06
200144,100074,Savings,2026-03-02
200145,100074,Cheque,2025-04-03
200146,100075,Savings,2025-03-26
200147,100076,Cheque,2025-03-01
200148,100076,Credit,2025-05-05
200149,100076,Savings,2024-11-14
200150,100077,Savings,2024-06-06
200151,100077,Cheque,2022-04-20
200152,100078,Credit,2025-06-11
200153,100079,Credit,2026-07-01
200154,100079,Savings,2026-05-07
200155,100080,Credit,2024-04-18
200156,100081,Savings,2025-07-30
200157,100082,Cheque,2025-05-20
200158,100083,Cheque,2023-04-14
200159,100083,Savings,2025-08-04
200160,100084,Credit,2024-11-11
200161,100084,Cheque,2025-05-16
200162,100084,Savings,2026-07-04
200163,100085,Credit,2024-11-05
200164,100085,Savings,2025-12-24
200165,100086,Credit,2024-01-13
200166,100086,Cheque,2026-06-17
200167,100086,Savings,2023-04-01
200168,100087,Savings,2025-12-02
200169,100087,Credit,2025-08-14
200170,100088,Cheque,2026-07-07
200171,100088,Credit,2025-12-19
200172,100088,Savings,2026-06-15
200173,100089,Savings,2026-07-01
200174,100089,Credit,2024-01-04
200175,100089,Cheque,2023-03-27
200176,100090,Credit,2024-03-02
200177,100090,Cheque,2023-06-19
200178,100091,Credit,2025-04-27
200179,100091,Savings,2025-06-23
200180,100091,Cheque,2024-05-11
200181,100092,Cheque,2025-08-17
200182,100093,Credit,2025-06-21
200183,100094,Savings,2024-03-25
200184,100095,Credit,2026-02-24
200185,100095,Savings,2025-08-11
200186,100095,Cheque,2025-09-21
200187,100096,Cheque,2023-05-16
200188,100096,Savings,2025-01-09
200189,100096,Credit,2023-08-14
200190,100097,Credit,2020-11-19
200191,100097,Savings,2022-10-08
200192,100097,Cheque,2025-05-30
200193,100098,Savings,2023-04-18
200194,100099,Cheque,2023-06-03
200195,100099,Savings,2024-12-19
200196,100099,Credit,2023-09-15
200197,100100,Savings,2025-12-13
200198,100100,Cheque,2022-10-21
200199,100100,Credit,2023-11-20
200200,100101,Credit,2022-12-02
200201,100101,Savings,2022-03-01
200202,100101,Cheque,2021-07-18
200203,100102,Savings,2025-07-01
200204,100103,Credit,2026-07-10
200205,100103,Cheque,2026-05-10
200206,100104,Credit,2024-01-24
200207,100104,Savings,2021-11-24
200208,100105,Credit,2025-10-31
200209,100105,Savings,2021-03-14
200210,100106,Cheque,2025-02-02
200211,100106,Credit,2025-09-11
200212,100107,Savings,2024-12-14
200213,100107,Credit,2026-04-02
200214,100108,Savings,2023-02-14
200215,100108,Cheque,2026-05-13
200216,100108,Credit,2023-07-25
200217,100109,Savings,2025-01-26
200218,100109,Cheque,2025-08-13
200219,100110,Cheque,2023-08-12
200220,100111,Credit,2026-05-30
200221,100111,Cheque,2026-05-11
200222,100112,Credit,2025-01-03
200223,100112,Cheque,2025-10-06
200224,100113,Credit,2024-12-29
200225,100113,Cheque,2024-08-05
200226,100114,Cheque,2026-07-05
200227,100114,Credit,2026-06-30
200228,100115,Cheque,2026-02-15
200229,100115,Credit,2026-04-22
200230,100115,Savings,2024-01-13
200231,100116,Savings,2024-05-31
200232,100116,Credit,2025-02-01
200233,100116,Cheque,2025-02-07
200234,100117,Savings,2026-03-13
200235,100118,Cheque,2025-04-28
200236,100118,Credit,2025-05-04
200237,100119,Cheque,2023-02-01
200238,100119,Savings,2024-12-24
200239,100120,Cheque,2026-01-14
200240,100120,Credit,2026-05-15
200241,100120,Savings,2026-07-04
200242,100121,Cheque,2026-01-14
200243,100121,Savings,2026-04-14
200244,100121,Credit,2025-08-10
200245,100122,Cheque,2025-02-02
200246,100123,Cheque,2026-04-22
200247,100123,Credit,2026-03-25
200248,100124,Credit,2025-01-18
200249,100125,Credit,2026-01-05
200250,100126,Credit,2025-02-27
200251,100126,Cheque,2021-12-14
200252,100127,Credit,2025-05-15
200253,100127,Savings,2025-07-14
200254,100128,Credit,2024-05-02
200255,100128,Cheque,2020-10-27
200256,100129,Credit,2025-10-11
200257,100129,Savings,2026-04-10
200258,100129,Cheque,2022-02-22
200259,100130,Cheque,2025-05-15
200260,100130,Credit,2026-06-14
200261,100131,Savings,2023-07-09
200262,100131,Credit,2026-02-22
200263,100132,Credit,2021-05-27
200264,100132,Savings,2022-10-10
200265,100132,Cheque,2022-04-05
200266,100133,Cheque,2020-08-21
200267,100133,Savings,2026-03-11
200268,100134,Cheque,2026-06-28
200269,100134,Savings,2025-08-07
200270,100135,Savings,2023-04-12
200271,100136,Savings,2026-02-07
200272,100137,Cheque,2023-03-15
200273,100137,Credit,2025-09-06
200274,100137,Savings,2025-06-21
200275,100138,Cheque,2025-12-12
200276,100138,Savings,2021-12-28
200277,100138,Credit,2023-09-04
200278,100139,Cheque,2026-01-27
200279,100140,Savings,2026-01-01
200280,100140,Credit,2024-05-31
200281,100140,Cheque,2025-09-20
200282,100141,Savings,2026-01-07
200283,100141,Cheque,2025-06-30
200284,100142,Cheque,2025-06-11
200285,100143,Credit,2026-01-27
200286,100143,Cheque,2022-07-19
200287,100144,Savings,2024-10-06
200288,100145,Credit,2024-10-02
200289,100145,Savings,2022-01-31
200290,100145,Cheque,2022-11-27
200291,100146,Credit,2026-03-08
200292,100147,Cheque,2026-02-04
200293,100147,Credit,2025-01-06
200294,100148,Savings,2024-09-13
200295,100148,Cheque,2024-05-18
200296,100148,Credit,2026-01-15
200297,100149,Credit,2024-03-31
200298,100149,Cheque,2023-08-29
200299,100149,Savings,2021-12-07
200300,100150,Credit,2026-03-15
200301,100150,Savings,2026-01-04
200302,100151,Cheque,2025-03-16
200303,100151,Savings,2026-02-01
200304,100152,Credit,2024-12-21
200305,100152,Cheque,2022-08-05
200306,100153,Credit,2023-12-31
200307,100153,Savings,2025-09-04
200308,100153,Cheque,2025-01-08
200309,100154,Savings,2026-04-21
200310,100154,Cheque,2026-03-05
200311,100155,Savings,2024-04-29
200312,100155,Credit,2024-08-07
200313,100155,Cheque,2025-07-05
200314,100156,Credit,2025-09-11
200315,100156,Savings,2025-10-10
200316,100156,Cheque,2026-01-25
200317,100157,Cheque,2025-09-08
200318,100157,Savings,2024-01-25
200319,100158,Savings,2025-05-22
200320,100158,Cheque,2026-05-23
200321,100159,Savings,2026-01-10
200322,100159,Cheque,2024-03-03
200323,100159,Credit,2025-02-17
200324,100160,Savings,2025-10-17
200325,100160,Credit,2025-10-13
200326,100160,Cheque,2026-07-06
200327,100161,Credit,2026-03-18
200328,100162,Credit,2024-02-16
200329,100163,Cheque,2021-11-11
200330,100164,Credit,2025-06-25
200331,100164,Savings,2026-05-18
200332,100165,Savings,2023-07-05
200333,100165,Cheque,2026-02-28
200334,100165,Credit,2023-10-24
200335,100166,Credit,2024-11-08
200336,100166,Savings,2024-09-10
200337,100167,Credit,2023-09-24
200338,100167,Cheque,2022-03-13
200339,100167,Savings,2025-09-11
200340,100168,Savings,2021-08-12
200341,100168,Cheque,2021-10-31
200342,100169,Credit,2024-03-21
200343,100170,Credit,2021-02-18
200344,100170,Cheque,2022-03-24
200345,100170,Savings,2026-07-09
200346,100171,Cheque,2025-06-27
200347,100171,Savings,2021-09-22
200348,100171,Credit,2024-01-03
200349,100172,Credit,2023-11-22
200350,100172,Cheque,2024-07-16
200351,100173,Credit,2022-11-18
200352,100174,Credit,2025-07-13
200353,100175,Savings,2024-04-21
200354,100175,Cheque,2022-09-25
200355,100175,Credit,2024-03-07
200356,100176,Credit,2024-02-23
200357,100176,Savings,2023-05-03
200358,100176,Cheque,2024-06-01
200359,100177,Credit,2024-08-31
200360,100177,Savings,2023-03-28
200361,100178,Credit,2024-12-31
200362,100179,Savings,2023-06-18
200363,100179,Cheque,2023-08-23
200364,100179,Credit,2024-01-23
200365,100180,Cheque,2022-02-12
200366,100180,Savings,2023-04-14
200367,100181,Credit,2025-10-26
200368,100182,Credit,2026-02-25
200369,100183,Credit,2025-01-29
200370,100184,Credit,2025-11-23
200371,100184,Savings,2025-08-01
200372,100185,Cheque,2023-08-30
200373,100185,Credit,2020-08-26
200374,100185,Savings,2021-05-09
200375,100186,Cheque,2026-04-16
200376,100186,Savings,2025-09-23
200377,100186,Credit,2025-12-27
200378,100187,Cheque,2021-11-13
200379,100187,Credit,2025-02-21
200380,100188,Cheque,2025-12-23
200381,100188,Credit,2025-04-15
200382,100188,Savings,2026-02-09
200383,100189,Savings,2026-01-15
200384,100189,Cheque,2026-06-08
200385,100189,Credit,2026-07-08
200386,100190,Savings,2024-03-03
200387,100190,Cheque,2024-02-22
200388,100191,Cheque,2025-01-09
200389,100191,Credit,2024-08-18
200390,100191,Savings,2023-10-03
200391,100192,Savings,2026-04-24
200392,100192,Cheque,2024-04-12
200393,100193,Credit,2025-12-06
200394,100194,Savings,2026-01-02
200395,100195,Credit,2025-06-15
200396,100196,Cheque,2023-03-12
200397,100196,Credit,2022-04-08
200398,100196,Savings,2024-10-23
200399,100197,Cheque,2026-03-05
200400,100198,Cheque,2024-01-03
200401,100199,Savings,2024-09-08
200402,100199,Cheque,2023-07-03
200403,100200,Savings,2026-04-04
200404,100200,Cheque,2025-03-08
200405,100201,Savings,2023-06-03
200406,100202,Cheque,2020-12-07
200407,100202,Savings,2024-10-26
200408,100203,Cheque,2026-06-12
200409,100203,Savings,2026-06-02
200410,100203,Credit,2026-06-21
200411,100204,Savings,2024-05-19
200412,100204,Credit,2023-06-22
200413,100205,Cheque,2026-01-29
200414,100206,Cheque,2023-10-25
200415,100206,Credit,2026-03-20
200416,100207,Credit,2025-06-26
200417,100207,Cheque,2026-05-02
200418,100208,Cheque,2023-09-29
200419,100208,Credit,2023-09-13
200420,100208,Savings,2020-07-16
200421,100209,Credit,2023-06-27
200422,100210,Cheque,2025-12-29
200423,100211,Savings,2026-01-04
200424,100211,Cheque,2026-03-31
200425,100211,Credit,2026-04-26
200426,100212,Savings,2025-08-16
200427,100212,Cheque,2025-10-03
200428,100212,Credit,2024-09-02
200429,100213,Credit,2023-06-25
200430,100213,Cheque,2024-11-09
200431,100213,Savings,2024-05-31
200432,100214,Credit,2026-04-16
200433,100214,Cheque,2026-02-19
200434,100215,Cheque,2026-02-01
200435,100215,Credit,2025-10-16
200436,100215,Savings,2024-05-30
200437,100216,Savings,2023-11-30
200438,100217,Credit,2026-05-09
200439,100218,Credit,2022-01-28
200440,100219,Cheque,2025-10-06
200441,100219,Credit,2025-11-05
200442,100220,Credit,2022-05-10
200443,100221,Cheque,2026-04-04
200444,100221,Savings,2024-08-16
200445,100221,Credit,2025-03-24
200446,100222,Credit,2026-07-11
200447,100223,Savings,2025-02-10
200448,100223,Cheque,2022-05-03
200449,100224,Cheque,2025-01-05
200450,100225,Savings,2026-03-13
200451,100226,Cheque,2026-06-29
200452,100226,Savings,2024-06-28
200453,100227,Cheque,2023-04-29
200454,100227,Credit,2025-09-21
200455,100227,Savings,2020-04-06
200456,100228,Savings,2025-08-12
200457,100228,Cheque,2024-08-24
200458,100229,Cheque,2025-01-11
200459,100229,Savings,2024-06-10
200460,100229,Credit,2024-01-02
200461,100230,Cheque,2026-06-12
200462,100230,Credit,2026-01-04
200463,100230,Savings,2025-12-24
200464,100231,Cheque,2021-04-04
200465,100231,Savings,2022-09-11
200466,100232,Credit,2025-11-17
200467,100233,Savings,2025-12-30
200468,100233,Credit,2024-06-20
200469,100233,Cheque,2026-04-06
200470,100234,Cheque,2021-11-19
200471,100235,Credit,2025-06-19
200472,100236,Savings,2022-09-01
200473,100236,Cheque,2024-11-18
200474,100236,Credit,2023-12-22
200475,100237,Savings,2026-01-03
200476,100237,Credit,2025-11-28
200477,100237,Cheque,2026-05-07
200478,100238,Cheque,2024-04-12
200479,100239,Cheque,2026-06-28
200480,100239,Savings,2025-09-17
200481,100239,Credit,2026-06-27
200482,100240,Savings,2026-03-22
200483,100240,Credit,2024-10-03
200484,100241,Savings,2024-02-17
200485,100241,Credit,2023-07-10
200486,100242,Credit,2025-11-10
200487,100242,Savings,2026-03-19
200488,100243,Cheque,2026-04-07
200489,100244,Credit,2021-08-03
200490,100245,Credit,2026-06-08
200491,100245,Savings,2025-08-08
200492,100245,Cheque,2025-11-16
200493,100246,Savings,2021-09-06
200494,100246,Credit,2021-10-19
200495,100246,Cheque,2025-04-22
200496,100247,Cheque,2026-02-08
200497,100247,Savings,2026-05-11
200498,100248,Savings,2024-11-24
200499,100249,Credit,2025-09-09
200500,100249,Cheque,2022-11-25
200501,100250,Credit,2024-10-09
200502,100251,Cheque,2024-01-30
200503,100251,Credit,2025-01-21
200504,100251,Savings,2024-01-10
200505,100252,Savings,2024-08-27
200506,100252,Cheque,2025-03-31
200507,100252,Credit,2025-05-17
200508,100253,Savings,2025-11-09
200509,100254,Cheque,2026-06-30
200510,100255,Savings,2025-01-06
200511,100256,Credit,2023-12-06
200512,100256,Cheque,2026-01-14
200513,100257,Savings,2026-07-07
200514,100257,Cheque,2026-07-12
200515,100257,Credit,2026-06-30
200516,100258,Cheque,2025-12-19
200517,100258,Credit,2025-12-26
200518,100259,Credit,2025-08-16
200519,100259,Savings,2025-02-05
200520,100260,Cheque,2024-07-20
200521,100260,Credit,2024-01-31
200522,100260,Savings,2025-02-18
200523,100261,Cheque,2025-07-02
200524,100261,Credit,2025-07-24
200525,100262,Credit,2025-02-25
200526,100262,Savings,2025-01-27
200527,100263,Savings,2025-12-08
200528,100263,Cheque,2021-12-11
200529,100263,Credit,2022-02-07
200530,100264,Cheque,2024-01-03
200531,100264,Savings,2023-07-12
200532,100264,Credit,2021-11-22
200533,100265,Savings,2022-11-19
200534,100265,Cheque,2026-04-15
200535,100266,Savings,2025-03-14
200536,100266,Cheque,2025-03-21
200537,100266,Credit,2025-02-21
200538,100267,Cheque,2023-11-23
200539,100267,Savings,2024-05-07
200540,100267,Credit,2024-10-20
200541,100268,Credit,2024-12-19
200542,100268,Savings,2026-03-08
200543,100269,Credit,2024-12-01
200544,100269,Cheque,2025-02-24
200545,100270,Cheque,2025-11-03
200546,100271,Cheque,2023-03-17
200547,100271,Savings,2024-06-28
200548,100272,Savings,2026-01-23
200549,100272,Cheque,2025-11-13
200550,100273,Cheque,2025-05-15
200551,100273,Savings,2026-03-10
200552,100273,Credit,2025-12-08
200553,100274,Credit,2023-11-22
200554,100275,Credit,2025-05-20
200555,100276,Cheque,2022-10-28
200556,100276,Credit,2023-01-01
200557,100276,Savings,2023-10-24
200558,100277,Credit,2024-10-21
200559,100277,Cheque,2024-11-29
200560,100277,Savings,2024-05-08
200561,100278,Cheque,2023-12-05
200562,100278,Savings,2026-07-09
200563,100278,Credit,2026-01-01
200564,100279,Credit,2024-10-19
200565,100279,Cheque,2023-12-09
200566,100279,Savings,2026-02-01
200567,100280,Credit,2025-05-08
200568,100280,Cheque,2021-11-29
200569,100281,Savings,2024-10-30
200570,100281,Cheque,2025-11-11
200571,100281,Credit,2025-07-07
200572,100282,Cheque,2026-01-25
200573,100282,Credit,2025-04-07
200574,100283,Savings,2023-08-09
200575,100283,Credit,2025-04-16
200576,100283,Cheque,2022-10-28
200577,100284,Cheque,2022-07-31
200578,100284,Credit,2023-03-30
200579,100285,Credit,2025-07-05
200580,100286,Savings,2025-11-29
200581,100286,Cheque,2026-02-26
200582,100287,Cheque,2025-12-02
200583,100288,Savings,2025-11-25
200584,100289,Credit,2021-09-11
200585,100289,Savings,2024-08-06
200586,100289,Cheque,2024-07-19
200587,100290,Cheque,2023-10-12
200588,100290,Savings,2025-11-12
200589,100291,Savings,2026-06-21
200590,100291,Credit,2026-04-12
200591,100291,Cheque,2026-06-19
200592,100292,Cheque,2024-05-16
200593,100292,Savings,2025-05-18
200594,100292,Credit,2024-05-23
200595,100293,Savings,2021-07-31
200596,100293,Credit,2021-02-09
200597,100294,Credit,2025-12-28
200598,100295,Cheque,2025-10-16
200599,100296,Savings,2025-08-04
200600,100296,Credit,2026-02-21
200601,100297,Cheque,2023-12-14
200602,100297,Credit,2023-11-30
200603,100298,Credit,2025-05-30
200604,100299,Cheque,2024-07-03
200605,100300,Savings,2025-01-28
200606,100301,Credit,2025-09-17
200607,100301,Cheque,2024-09-11
200608,100302,Credit,2025-10-31
200609,100303,Cheque,2023-03-02
200610,100303,Credit,2021-05-14
200611,100304,Cheque,2022-08-05
200612,100304,Savings,2022-07-06
200613,100304,Credit,2023-01-04
200614,100305,Savings,2026-02-07
200615,100305,Cheque,2025-09-23
200616,100306,Credit,2022-06-10
200617,100306,Savings,2024-12-31
200618,100306,Cheque,2022-11-25
200619,100307,Credit,2025-05-15
200620,100308,Cheque,2024-07-15
200621,100309,Savings,2023-09-30
200622,100309,Credit,2026-01-07
200623,100309,Cheque,2024-05-23
200624,100310,Cheque,2022-12-08
200625,100310,Savings,2023-08-26
200626,100310,Credit,2025-04-30
200627,100311,Credit,2026-04-13
200628,100311,Cheque,2026-05-07
200629,100312,Savings,2024-06-24
200630,100313,Cheque,2023-10-20
200631,100314,Savings,2026-02-23
200632,100314,Credit,2026-03-02
200633,100315,Credit,2025-02-10
200634,100315,Cheque,2025-02-20
200635,100316,Savings,2025-05-07
200636,100317,Savings,2026-03-20
200637,100317,Cheque,2023-04-19
200638,100317,Credit,2023-09-27
200639,100318,Cheque,2025-09-25
200640,100318,Savings,2025-09-05
200641,100318,Credit,2026-06-17
200642,100319,Credit,2023-02-04
200643,100320,Cheque,2024-02-16
200644,100320,Credit,2024-07-01
200645,100321,Credit,2025-04-09
200646,100321,Cheque,2025-06-27
200647,100321,Savings,2023-03-16
200648,100322,Savings,2023-12-14
200649,100322,Cheque,2024-02-26
200650,100323,Savings,2021-12-06
200651,100324,Cheque,2026-04-30
200652,100325,Savings,2026-02-28
200653,100326,Credit,2025-03-04
200654,100326,Cheque,2025-05-15
200655,100326,Savings,2025-06-08
200656,100327,Savings,2026-01-28
200657,100328,Cheque,2025-10-27
200658,100329,Credit,2026-04-25
200659,100329,Cheque,2024-06-22
200660,100330,Cheque,2024-02-21
200661,100331,Cheque,2026-06-30
200662,100331,Savings,2026-07-01
200663,100331,Credit,2026-05-16
200664,100332,Credit,2022-09-18
200665,100333,Cheque,2022-02-12
200666,100333,Savings,2022-05-26
200667,100334,Credit,2025-12-26
200668,100334,Savings,2024-11-10
200669,100334,Cheque,2024-05-22
200670,100335,Cheque,2024-12-29
200671,100335,Savings,2025-09-19
200672,100335,Credit,2026-03-11
200673,100336,Cheque,2025-10-04
200674,100336,Savings,2024-12-01
200675,100337,Credit,2026-01-29
200676,100337,Savings,2022-04-17
200677,100337,Cheque,2021-09-16
200678,100338,Savings,2023-10-25
200679,100338,Cheque,2023-04-15
200680,100338,Credit,2025-04-06
200681,100339,Savings,2025-02-12
200682,100340,Credit,2025-03-30
200683,100340,Savings,2026-05-25
200684,100341,Cheque,2026-07-04
200685,100341,Credit,2024-10-31
200686,100342,Cheque,2022-09-15
200687,100342,Savings,2023-05-16
200688,100342,Credit,2023-12-05
200689,100343,Credit,2021-05-08
200690,100343,Cheque,2025-02-01
200691,100344,Savings,2025-08-09
200692,100344,Cheque,2026-02-11
200693,100344,Credit,2026-06-25
200694,100345,Credit,2025-11-13
200695,100345,Savings,2025-08-14
200696,100345,Cheque,2024-08-19
200697,100346,Credit,2024-02-25
200698,100347,Savings,2025-11-23
200699,100347,Cheque,2022-11-25
200700,100347,Credit,2023-07-08
200701,100348,Cheque,2025-07-08
200702,100348,Credit,2025-05-17
200703,100349,Cheque,2022-06-13
200704,100350,Savings,2023-08-29
200705,100351,Credit,2026-04-03
200706,100351,Cheque,2025-09-01
200707,100352,Cheque,2025-04-28
200708,100352,Credit,2023-10-28
200709,100353,Savings,2026-01-22
200710,100353,Cheque,2026-02-13
200711,100354,Savings,2025-09-27
200712,100354,Cheque,2023-07-30
200713,100355,Cheque,2026-07-03
200714,100355,Credit,2026-07-07
200715,100355,Savings,2026-06-25
200716,100356,Savings,2023-07-27
200717,100357,Cheque,2026-06-20
200718,100357,Savings,2024-11-29
200719,100358,Credit,2024-07-30
200720,100359,Credit,2025-12-20
200721,100359,Savings,2026-04-29
200722,100359,Cheque,2026-05-14
200723,100360,Savings,2022-04-27
200724,100360,Credit,2023-03-05
200725,100360,Cheque,2026-06-17
200726,100361,Cheque,2025-09-03
200727,100362,Savings,2026-06-20
200728,100362,Credit,2025-11-30
200729,100363,Credit,2023-12-04
200730,100363,Cheque,2023-02-04
200731,100364,Savings,2026-01-24
200732,100364,Credit,2025-10-31
200733,100365,Credit,2026-06-22
200734,100366,Credit,2025-11-24
200735,100366,Savings,2025-07-09
200736,100366,Cheque,2025-04-01
200737,100367,Credit,2026-02-17
200738,100367,Cheque,2025-09-26
200739,100368,Credit,2023-11-02
200740,100368,Cheque,2023-06-07
200741,100368,Savings,2025-08-11
200742,100369,Cheque,2025-07-15
200743,100370,Cheque,2024-02-25
200744,100371,Savings,2023-03-14
200745,100371,Cheque,2021-10-15
200746,100371,Credit,2025-10-19
200747,100372,Savings,2026-02-24
200748,100372,Cheque,2026-05-03
200749,100372,Credit,2025-12-17
200750,100373,Credit,2024-04-07
200751,100374,Savings,2025-01-01
200752,100374,Credit,2025-02-09
200753,100374,Cheque,2026-03-24
200754,100375,Credit,2024-11-01
200755,100375,Savings,2026-05-16
200756,100376,Credit,2024-11-06
200757,100376,Savings,2022-12-28
200758,100377,Savings,2026-06-05
200759,100377,Cheque,2026-06-30
200760,100377,Credit,2026-07-10
200761,100378,Credit,2023-12-31
200762,100378,Savings,2024-01-05
200763,100378,Cheque,2024-09-11
200764,100379,Cheque,2025-03-14
200765,100379,Credit,2025-11-25
200766,100379,Savings,2023-10-21
200767,100380,Savings,2026-01-20
200768,100381,Savings,2023-01-15
200769,100381,Credit,2026-02-17
200770,100381,Cheque,2025-12-22
200771,100382,Savings,2026-05-20
200772,100382,Cheque,2026-05-17
200773,100383,Credit,2024-01-20
200774,100383,Savings,2026-01-18
200775,100383,Cheque,2025-06-17
200776,100384,Cheque,2024-05-01
200777,100385,Savings,2026-06-26
200778,100386,Cheque,2025-03-23
200779,100386,Credit,2024-05-06
200780,100387,Cheque,2025-03-13
200781,100387,Savings,2025-01-22
200782,100388,Savings,2025-07-25
200783,100388,Credit,2026-02-13
200784,100389,Savings,2021-08-12
200785,100389,Cheque,2024-10-12
200786,100390,Credit,2024-09-25
200787,100391,Savings,2025-10-01
200788,100391,Credit,2025-06-07
200789,100392,Cheque,2022-12-06
200790,100392,Credit,2026-02-06
200791,100392,Savings,2022-12-24
200792,100393,Cheque,2025-11-20
200793,100393,Savings,2026-02-18
200794,100393,Credit,2026-01-21
200795,100394,Savings,2025-11-19
200796,100395,Cheque,2024-03-14
200797,100395,Credit,2022-11-29
200798,100396,Savings,2025-04-07
200799,100396,Cheque,2026-01-23
200800,100397,Cheque,2021-06-07
200801,100397,Savings,2024-07-26
200802,100397,Credit,2025-09-08
200803,100398,Cheque,2026-06-26
200804,100399,Savings,2026-06-04
200805,100399,Cheque,2026-06-27
200806,100399,Credit,2026-05-11
200807,100400,Cheque,2026-06-17
200808,100400,Credit,2024-05-03
200809,100401,Cheque,2026-03-06
200810,100402,Cheque,2026-06-25
200811,100402,Savings,2026-06-15
200812,100402,Credit,2026-05-31
200813,100403,Cheque,2026-04-01
200814,100404,Savings,2026-06-03
200815,100404,Cheque,2026-05-24
200816,100405,Savings,2023-09-07
200817,100405,Cheque,2026-04-12
200818,100405,Credit,2021-10-31
200819,100406,Cheque,2022-12-07
200820,100407,Credit,2022-05-19
200821,100407,Cheque,2026-06-21
200822,100407,Savings,2025-09-26
200823,100408,Savings,2024-02-28
200824,100408,Credit,2025-10-16
200825,100409,Cheque,2025-10-22
200826,100409,Credit,2025-04-25
200827,100409,Savings,2026-06-21
200828,100410,Savings,2025-12-08
200829,100410,Credit,2026-01-05
200830,100410,Cheque,2026-03-13
200831,100411,Savings,2025-01-01
200832,100411,Credit,2024-08-29
200833,100411,Cheque,2026-06-29
200834,100412,Credit,2025-06-29
200835,100412,Savings,2025-05-20
200836,100413,Credit,2026-03-30
200837,100413,Savings,2025-10-29
200838,100414,Cheque,2020-07-14
200839,100415,Credit,2025-10-07
200840,100415,Cheque,2026-01-03
200841,100415,Savings,2025-02-06
200842,100416,Cheque,2023-03-06
200843,100416,Credit,2023-08-23
200844,100416,Savings,2025-08-17
200845,100417,Credit,2021-02-01
200846,100417,Savings,2021-08-15
200847,100418,Credit,2024-08-05
200848,100419,Savings,2025-08-24
200849,100419,Cheque,2025-07-04
200850,100419,Credit,2026-01-17
200851,100420,Cheque,2025-08-17
200852,100420,Credit,2025-07-24
200853,100420,Savings,2026-04-15
200854,100421,Cheque,2025-06-30
200855,100421,Savings,2026-06-26
200856,100421,Credit,2026-04-01
200857,100422,Cheque,2020-03-03
200858,100423,Cheque,2020-08-07
200859,100423,Credit,2025-05-16
200860,100424,Savings,2024-02-23
200861,100424,Cheque,2025-12-10
200862,100424,Credit,2026-03-17
200863,100425,Cheque,2025-04-22
200864,100425,Credit,2024-09-25
200865,100425,Savings,2025-08-06
200866,100426,Savings,2021-05-19
200867,100426,Credit,2024-04-17
200868,100426,Cheque,2020-10-04
200869,100427,Credit,2025-08-10
200870,100427,Savings,2023-10-20
200871,100427,Cheque,2023-09-01
200872,100428,Cheque,2025-10-13
200873,100429,Cheque,2026-01-21
200874,100429,Savings,2024-07-06
200875,100429,Credit,2024-10-28
200876,100430,Cheque,2024-03-27
200877,100431,Cheque,2026-04-12
200878,100431,Savings,2026-05-15
200879,100431,Credit,2026-05-11
200880,100432,Credit,2024-05-02
200881,100432,Cheque,2024-11-02
200882,100432,Savings,2023-05-23
200883,100433,Cheque,2021-04-28
200884,100433,Savings,2025-01-26
200885,100433,Credit,2021-11-08
200886,100434,Savings,2023-06-14
200887,100434,Credit,2025-09-13
200888,100435,Credit,2026-01-06
200889,100436,Savings,2026-02-08
200890,100436,Cheque,2025-04-30
200891,100437,Credit,2026-01-12
200892,100438,Credit,2025-12-19
200893,100438,Savings,2025-07-30
200894,100439,Credit,2024-08-12
200895,100439,Savings,2025-05-24
200896,100440,Credit,2023-01-15
200897,100440,Cheque,2026-03-04
200898,100440,Savings,2023-01-20
200899,100441,Cheque,2026-04-03
200900,100441,Savings,2026-03-13
200901,100442,Savings,2024-06-04
200902,100442,Cheque,2025-03-11
200903,100443,Savings,2022-11-29
200904,100443,Cheque,2024-05-28
200905,100443,Credit,2021-12-25
200906,100444,Cheque,2025-08-14
200907,100444,Credit,2025-07-14
200908,100444,Savings,2025-07-29
200909,100445,Cheque,2025-08-30
200910,100445,Savings,2025-07-06
200911,100445,Credit,2026-02-22
200912,100446,Cheque,2025-10-07
200913,100447,Credit,2024-04-15
200914,100447,Cheque,2022-03-10
200915,100448,Cheque,2025-12-13
200916,100449,Credit,2022-03-06
200917,100449,Cheque,2022-09-15
200918,100449,Savings,2021-06-15
200919,100450,Credit,2026-01-06
200920,100450,Savings,2025-06-07
200921,100451,Cheque,2025-01-13
200922,100451,Credit,2026-02-27
200923,100452,Cheque,2026-06-24
200924,100452,Credit,2025-09-04
200925,100453,Credit,2026-04-06
200926,100453,Cheque,2025-04-01
200927,100454,Credit,2024-06-27
200928,100455,Savings,2025-09-29
200929,100455,Cheque,2024-03-04
200930,100455,Credit,2021-04-08
200931,100456,Cheque,2026-05-03
200932,100456,Savings,2026-05-12
200933,100456,Credit,2026-03-17
200934,100457,Cheque,2025-04-17
200935,100457,Credit,2025-10-11
200936,100457,Savings,2025-05-31
200937,100458,Credit,2023-01-04
200938,100459,Savings,2021-12-11
200939,100460,Savings,2025-05-24
200940,100460,Cheque,2025-09-05
200941,100460,Credit,2021-06-05
200942,100461,Credit,2026-06-11
200943,100462,Credit,2023-02-26
200944,100462,Cheque,2026-05-16
200945,100463,Cheque,2025-05-16
200946,100463,Credit,2023-02-24
200947,100463,Savings,2023-01-12
200948,100464,Cheque,2025-07-02
200949,100464,Savings,2024-12-19
200950,100464,Credit,2024-10-17
200951,100465,Cheque,2026-06-19
200952,100465,Savings,2026-06-17
200953,100465,Credit,2026-06-15
200954,100466,Cheque,2023-02-28
200955,100466,Credit,2025-10-26
200956,100467,Cheque,2026-01-25
200957,100467,Savings,2025-10-26
200958,100468,Savings,2025-07-06
200959,100469,Credit,2023-11-19
200960,100470,Cheque,2024-02-19
200961,100470,Credit,2025-02-02
200962,100470,Savings,2024-07-08
200963,100471,Credit,2022-01-05
200964,100471,Savings,2025-12-02
200965,100472,Credit,2022-08-10
200966,100472,Savings,2025-05-26
200967,100473,Credit,2022-11-16
200968,100473,Cheque,2024-03-26
200969,100474,Credit,2024-05-11
200970,100474,Savings,2024-03-19
200971,100475,Credit,2026-06-10
200972,100476,Credit,2026-06-17
200973,100476,Savings,2026-07-11
200974,100476,Cheque,2026-01-15
200975,100477,Cheque,2024-07-24
200976,100478,Savings,2023-03-06
200977,100478,Cheque,2022-02-21
200978,100479,Cheque,2026-04-30
200979,100480,Cheque,2023-09-17
200980,100480,Savings,2024-05-08
200981,100481,Credit,2026-05-19
200982,100481,Savings,2022-12-08
200983,100482,Credit,2026-07-09
200984,100482,Savings,2026-01-09
200985,100483,Credit,2026-02-19
200986,100483,Cheque,2020-11-20
200987,100484,Cheque,2026-04-05
200988,100484,Credit,2025-12-23
200989,100485,Cheque,2025-03-15
200990,100485,Savings,2025-01-20
200991,100486,Savings,2026-05-27
200992,100487,Savings,2026-06-18
200993,100487,Cheque,2026-05-06
200994,100488,Credit,2024-06-04
200995,100489,Savings,2026-05-17
200996,100489,Credit,2025-05-04
200997,100490,Cheque,2026-06-23
200998,100490,Credit,2026-03-30
200999,100490,Savings,2026-03-12
201000,100491,Savings,2026-01-12
201001,100491,Credit,2025-06-30
201002,100492,Savings,2023-07-23
201003,100493,Savings,2022-04-21
201004,100494,Cheque,2025-09-25
201005,100494,Savings,2026-06-30
201006,100495,Credit,2026-05-03
201007,100496,Cheque,2024-11-20
201008,100497,Credit,2026-03-31
201009,100497,Savings,2026-06-18
201010,100498,Cheque,2022-08-15
201011,100498,Credit,2024-03-10
201012,100498,Savings,2024-04-02
201013,100499,Credit,2026-04-20
201014,100499,Savings,2026-06-13
201015,100499,Cheque,2026-04-24
201016,100500,Cheque,2026-05-16
201017,100500,Savings,2025-08-06
201018,100500,Credit,2025-08-21
201019,100501,Savings,2025-12-28
201020,100502,Cheque,2024-03-07
201021,100502,Savings,2024-08-05
201022,100503,Savings,2023-06-14
201023,100503,Credit,2023-08-09
201024,100503,Cheque,2024-01-21
201025,100504,Cheque,2026-07-03
201026,100504,Credit,2026-03-20
201027,100505,Savings,2023-04-02
201028,100505,Credit,2024-09-06
201029,100505,Cheque,2020-05-03
201030,100506,Credit,2024-10-06
201031,100506,Cheque,2025-05-26
201032,100506,Savings,2025-06-16
201033,100507,Credit,2026-06-12
201034,100508,Credit,2023-08-08
201035,100508,Savings,2024-04-05
201036,100508,Cheque,2023-09-02
201037,100509,Credit,2025-11-13
201038,100509,Savings,2022-12-23
201039,100510,Cheque,2026-02-05
201040,100510,Savings,2026-05-16
201041,100510,Credit,2026-01-05
201042,100511,Cheque,2026-03-31
201043,100511,Credit,2023-03-27
201044,100512,Cheque,2025-11-23
201045,100512,Savings,2022-05-21
201046,100512,Credit,2022-05-30
201047,100513,Savings,2023-04-04
201048,100513,Credit,2025-02-02
201049,100513,Cheque,2024-07-25
201050,100514,Cheque,2024-08-13
201051,100515,Cheque,2026-01-11
201052,100516,Savings,2023-01-07
201053,100516,Cheque,2021-10-13
201054,100516,Credit,2021-10-30
201055,100517,Cheque,2026-01-14
201056,100518,Cheque,2026-06-26
201057,100518,Savings,2026-07-09
201058,100518,Credit,2026-06-30
201059,100519,Credit,2024-04-29
201060,100519,Cheque,2023-10-16
201061,100519,Savings,2025-05-15
201062,100520,Savings,2025-06-12
201063,100520,Credit,2025-08-16
201064,100521,Savings,2025-08-02
201065,100521,Cheque,2026-05-10
201066,100521,Credit,2025-07-21
201067,100522,Cheque,2026-07-02
201068,100523,Savings,2023-11-19
201069,100523,Cheque,2024-05-08
201070,100523,Credit,2025-09-15
201071,100524,Savings,2024-03-17
201072,100525,Credit,2024-07-18
201073,100525,Cheque,2024-03-10
201074,100526,Credit,2025-05-26
201075,100526,Cheque,2026-05-04
201076,100527,Credit,2025-05-23
201077,100527,Cheque,2025-10-25
201078,100528,Cheque,2026-06-19
201079,100528,Savings,2025-01-21
201080,100529,Cheque,2024-05-06
201081,100529,Credit,2021-05-19
201082,100529,Savings,2023-12-07
201083,100530,Savings,2020-08-27
201084,100530,Credit,2021-09-16
201085,100530,Cheque,2021-11-20
201086,100531,Savings,2024-09-01
201087,100532,Credit,2024-07-25
201088,100533,Savings,2024-11-19
201089,100533,Cheque,2026-04-16
201090,100533,Credit,2025-01-16
201091,100534,Savings,2023-11-06
201092,100535,Credit,2026-04-07
201093,100535,Cheque,2022-08-15
201094,100536,Savings,2025-01-14
201095,100537,Cheque,2023-01-09
201096,100537,Savings,2025-08-26
201097,100538,Savings,2024-11-24
201098,100538,Cheque,2026-01-25
201099,100539,Credit,2026-05-04
201100,100539,Cheque,2023-08-07
201101,100540,Cheque,2025-07-27
201102,100541,Credit,2025-04-17
201103,100541,Savings,2025-01-11
201104,100542,Credit,2023-07-29
201105,100542,Cheque,2026-04-21
201106,100543,Savings,2025-04-06
201107,100543,Cheque,2025-05-07
201108,100544,Cheque,2026-05-13
201109,100544,Savings,2024-12-06
201110,100545,Cheque,2026-06-08
201111,100545,Savings,2026-04-11
201112,100546,Cheque,2026-04-04
201113,100546,Credit,2026-02-14
201114,100546,Savings,2025-09-15
201115,100547,Cheque,2025-07-13
201116,100548,Credit,2025-02-22
201117,100548,Savings,2022-08-02
201118,100548,Cheque,2025-05-04
201119,100549,Savings,2025-09-28
201120,100549,Credit,2026-04-18
201121,100549,Cheque,2023-09-20
201122,100550,Credit,2026-03-04
201123,100550,Savings,2025-02-07
201124,100550,Cheque,2025-04-30
201125,100551,Cheque,2025-10-20
201126,100551,Savings,2025-04-07
201127,100551,Credit,2025-12-20
201128,100552,Cheque,2021-04-02
201129,100552,Credit,2021-02-01
201130,100552,Savings,2021-11-06
201131,100553,Cheque,2025-12-05
201132,100554,Savings,2026-05-23
201133,100554,Cheque,2026-04-25
201134,100554,Credit,2026-07-08
201135,100555,Savings,2024-10-21
201136,100555,Cheque,2025-12-16
201137,100556,Savings,2023-08-30
201138,100556,Cheque,2024-09-01
201139,100556,Credit,2023-08-01
201140,100557,Savings,2026-07-06
201141,100558,Credit,2025-11-12
201142,100558,Savings,2024-09-04
201143,100559,Savings,2024-04-08
201144,100560,Savings,2026-03-21
201145,100561,Savings,2025-10-26
201146,100561,Credit,2026-05-28
201147,100561,Cheque,2025-09-20
201148,100562,Cheque,2024-01-30
201149,100562,Savings,2023-10-08
201150,100562,Credit,2022-12-16
201151,100563,Credit,2026-04-22
201152,100564,Savings,2025-05-23
201153,100564,Cheque,2024-05-31
201154,100564,Credit,2024-11-20
201155,100565,Credit,2025-01-27
201156,100565,Savings,2025-03-12
201157,100565,Cheque,2025-11-28
201158,100566,Cheque,2025-02-28
201159,100567,Savings,2025-12-22
201160,100567,Credit,2025-11-23
201161,100568,Credit,2025-10-12
201162,100568,Cheque,2026-06-05
201163,100569,Credit,2026-06-29
201164,100570,Cheque,2026-04-01
201165,100570,Credit,2026-05-23
201166,100570,Savings,2025-10-07
201167,100571,Cheque,2024-09-30
201168,100571,Credit,2025-04-03
201169,100571,Savings,2025-01-01
201170,100572,Cheque,2025-10-23
201171,100572,Savings,2026-07-10
201172,100572,Credit,2025-06-26
201173,100573,Credit,2022-03-25
201174,100574,Savings,2021-04-23
201175,100575,Credit,2025-10-05
201176,100575,Cheque,2026-04-14
201177,100575,Savings,2025-05-27
201178,100576,Savings,2024-11-12
201179,100576,Cheque,2025-02-05
201180,100577,Credit,2026-06-29
201181,100577,Cheque,2026-07-08
201182,100577,Savings,2026-07-11
201183,100578,Savings,2024-06-09
201184,100578,Cheque,2023-11-01
201185,100579,Credit,2026-07-11
201186,100580,Savings,2025-06-27
201187,100581,Savings,2021-07-27
201188,100581,Cheque,2021-08-25
201189,100582,Credit,2024-05-24
201190,100583,Credit,2025-06-26
201191,100583,Savings,2025-04-06
201192,100584,Cheque,2026-04-20
201193,100584,Savings,2026-01-22
201194,100585,Credit,2024-08-29
201195,100585,Savings,2024-06-15
201196,100586,Cheque,2021-09-07
201197,100586,Credit,2026-07-05
201198,100586,Savings,2025-09-28
201199,100587,Credit,2026-06-14
201200,100587,Cheque,2026-04-17
201201,100588,Cheque,2025-10-15
201202,100589,Credit,2021-09-24
201203,100590,Cheque,2023-10-22
201204,100591,Savings,2026-05-20
201205,100592,Cheque,2024-02-03
201206,100592,Savings,2026-03-22
201207,100592,Credit,2023-01-08
201208,100593,Credit,2026-04-12
201209,100593,Savings,2025-05-08
201210,100593,Cheque,2026-05-11
201211,100594,Cheque,2024-08-10
201212,100595,Cheque,2026-06-13
201213,100596,Credit,2023-09-28
201214,100597,Credit,2026-07-09
201215,100597,Savings,2026-06-29
201216,100597,Cheque,2026-07-12
201217,100598,Cheque,2024-05-04
201218,100598,Savings,2025-06-13
201219,100599,Cheque,2026-04-15
201220,100599,Credit,2026-03-31
201221,100600,Savings,2022-10-31
201222,100601,Savings,2025-08-26
201223,100601,Credit,2023-08-02
201224,100601,Cheque,2023-01-31
201225,100602,Cheque,2025-12-20
201226,100602,Savings,2026-02-06
201227,100602,Credit,2026-05-28
201228,100603,Cheque,2025-08-30
201229,100603,Savings,2023-08-13
201230,100603,Credit,2026-03-22
201231,100604,Credit,2026-05-02
201232,100604,Savings,2026-03-05
201233,100604,Cheque,2026-06-05
201234,100605,Savings,2024-07-01
201235,100605,Credit,2025-01-20
201236,100606,Cheque,2023-03-09
201237,100607,Savings,2023-05-17
201238,100607,Credit,2023-06-19
201239,100607,Cheque,2024-08-14
201240,100608,Credit,2026-03-03
201241,100608,Cheque,2024-03-04
201242,100609,Cheque,2023-08-17
201243,100609,Credit,2022-10-11
201244,100610,Cheque,2024-11-07
201245,100611,Cheque,2022-10-27
201246,100611,Credit,2021-10-05
201247,100612,Savings,2026-05-24
201248,100612,Credit,2026-07-07
201249,100613,Credit,2026-04-23
201250,100613,Savings,2025-06-08
201251,100613,Cheque,2025-06-21
201252,100614,Cheque,2026-02-11
201253,100615,Cheque,2026-06-08
201254,100615,Savings,2025-03-31
201255,100615,Credit,2024-04-21
201256,100616,Savings,2025-02-10
201257,100617,Savings,2025-05-13
201258,100618,Cheque,2022-06-04
201259,100619,Savings,2026-06-07
201260,100619,Credit,2026-06-19
201261,100620,Cheque,2026-07-09
201262,100620,Credit,2026-07-07
201263,100620,Savings,2026-06-27
201264,100621,Cheque,2026-06-27
201265,100622,Savings,2026-05-20
201266,100622,Cheque,2025-12-15
201267,100622,Credit,2026-01-28
201268,100623,Cheque,2026-05-02
201269,100623,Savings,2026-06-30
201270,100623,Credit,2025-07-04
201271,100624,Savings,2023-11-16
201272,100625,Savings,2024-02-03
201273,100625,Credit,2025-04-04
201274,100625,Cheque,2023-11-29
201275,100626,Cheque,2025-06-04
201276,100627,Cheque,2023-07-12
201277,100627,Savings,2025-08-30
201278,100628,Cheque,2024-07-31
201279,100629,Credit,2022-01-25
201280,100629,Savings,2021-08-01
201281,100629,Cheque,2022-09-05
201282,100630,Cheque,2022-03-30
201283,100630,Credit,2026-02-26
201284,100630,Savings,2021-08-28
201285,100631,Cheque,2023-06-18
201286,100632,Savings,2024-09-23
201287,100633,Credit,2021-04-01
201288,100634,Savings,2025-02-01
201289,100634,Credit,2025-10-18
201290,100635,Savings,2026-04-14
201291,100635,Credit,2026-06-27
201292,100636,Credit,2025-07-15
201293,100636,Cheque,2025-08-19
201294,100637,Credit,2025-10-14
201295,100637,Savings,2023-05-10
201296,100638,Credit,2026-07-06
201297,100638,Savings,2026-04-12
201298,100639,Savings,2025-09-26
201299,100639,Credit,2026-01-16
201300,100640,Cheque,2022-04-21
201301,100641,Savings,2023-12-10
201302,100641,Cheque,2025-08-16
201303,100641,Credit,2024-10-03
201304,100642,Cheque,2026-06-16
201305,100643,Cheque,2026-04-11
201306,100644,Credit,2025-12-09
201307,100644,Savings,2024-07-20
201308,100644,Cheque,2025-05-15
201309,100645,Cheque,2024-02-07
201310,100646,Savings,2023-12-16
201311,100646,Credit,2024-10-02
201312,100646,Cheque,2024-01-29
201313,100647,Credit,2026-05-03
201314,100647,Cheque,2026-06-06
201315,100648,Savings,2025-12-07
201316,100648,Cheque,2025-08-21
201317,100649,Credit,2024-01-28
201318,100649,Cheque,2025-12-15
201319,100649,Savings,2024-02-04
201320,100650,Credit,2024-12-22
201321,100651,Savings,2023-10-02
201322,100651,Credit,2026-01-15
201323,100651,Cheque,2024-09-30
201324,100652,Credit,2024-12-06
201325,100652,Cheque,2026-02-23
201326,100652,Savings,2021-09-09
201327,100653,Savings,2023-05-24
201328,100654,Savings,2024-12-23
201329,100655,Credit,2025-06-23
201330,100655,Savings,2025-05-10
201331,100656,Credit,2024-03-12
201332,100656,Cheque,2024-05-24
201333,100657,Cheque,2025-12-28
201334,100657,Credit,2023-12-10
201335,100657,Savings,2024-03-17
201336,100658,Cheque,2026-05-26
201337,100658,Savings,2026-04-04
201338,100658,Credit,2025-12-28
201339,100659,Credit,2026-04-17
201340,100659,Cheque,2026-05-23
201341,100660,Savings,2024-01-08
201342,100661,Savings,2025-05-16
201343,100661,Credit,2025-09-04
201344,100662,Savings,2026-02-10
201345,100663,Cheque,2025-04-21
201346,100664,Cheque,2023-07-10
201347,100664,Credit,2023-10-05
201348,100664,Savings,2025-04-06
201349,100665,Credit,2026-06-17
201350,100666,Savings,2026-06-11
201351,100667,Savings,2025-01-01
201352,100667,Credit,2023-08-17
201353,100667,Cheque,2021-08-25
201354,100668,Savings,2024-12-22
201355,100668,Credit,2024-02-27
201356,100669,Savings,2026-03-23
201357,100669,Cheque,2026-03-29
201358,100670,Cheque,2022-07-09
201359,100670,Savings,2026-03-31
201360,100671,Cheque,2021-07-12
201361,100672,Cheque,2026-06-01
201362,100672,Savings,2025-10-14
201363,100672,Credit,2026-03-05
201364,100673,Cheque,2025-11-17
201365,100673,Savings,2025-09-27
201366,100674,Cheque,2026-05-11
201367,100675,Credit,2025-07-18
201368,100675,Cheque,2023-09-06
201369,100675,Savings,2026-03-16
201370,100676,Credit,2025-06-02
201371,100677,Savings,2020-08-30
201372,100678,Credit,2026-05-17
201373,100678,Savings,2025-03-14
201374,100679,Credit,2026-02-06
201375,100679,Cheque,2026-06-25
201376,100680,Cheque,2024-03-11
201377,100680,Credit,2026-06-14
201378,100681,Cheque,2026-06-25
201379,100681,Savings,2026-07-10
201380,100682,Savings,2026-04-04
201381,100682,Cheque,2026-06-04
201382,100683,Credit,2024-12-18
201383,100683,Cheque,2025-09-06
201384,100683,Savings,2024-04-22
201385,100684,Cheque,2023-09-04
201386,100684,Credit,2023-11-28
201387,100685,Credit,2026-02-11
201388,100685,Cheque,2021-06-17
201389,100685,Savings,2023-01-06
201390,100686,Savings,2026-03-18
201391,100687,Savings,2026-04-03
201392,100687,Cheque,2025-04-18
201393,100688,Cheque,2026-02-10
201394,100689,Credit,2025-09-24
201395,100689,Cheque,2025-08-25
201396,100690,Credit,2025-08-15
201397,100691,Savings,2022-09-09
201398,100692,Savings,2024-01-23
201399,100692,Cheque,2022-05-06
201400,100693,Credit,2026-06-26
201401,100694,Credit,2025-09-03
201402,100695,Savings,2021-12-16
201403,100695,Credit,2021-12-27
201404,100695,Cheque,2022-05-24
201405,100696,Credit,2026-06-11
201406,100696,Savings,2026-01-14
201407,100696,Cheque,2026-05-25
201408,100697,Cheque,2024-11-20
201409,100697,Credit,2024-07-29
201410,100698,Savings,2021-12-02
201411,100698,Cheque,2022-04-16
201412,100699,Cheque,2026-02-11
201413,100699,Credit,2026-07-02
201414,100700,Credit,2025-09-18
201415,100700,Cheque,2023-11-01
201416,100700,Savings,2026-05-08
201417,100701,Cheque,2026-01-11
201418,100701,Savings,2021-04-10
201419,100702,Cheque,2026-02-22
201420,100702,Credit,2026-05-15
201421,100703,Credit,2024-09-29
201422,100704,Cheque,2023-09-07
201423,100704,Savings,2024-01-05
201424,100705,Credit,2023-11-04
201425,100705,Cheque,2026-02-10
201426,100706,Savings,2026-06-26
201427,100706,Credit,2025-02-15
201428,100706,Cheque,2024-09-15
201429,100707,Savings,2024-05-16
201430,100707,Cheque,2025-06-24
201431,100708,Credit,2026-03-25
201432,100708,Cheque,2025-09-26
201433,100709,Credit,2023-10-03
201434,100710,Credit,2025-06-25
201435,100711,Savings,2026-02-05
201436,100712,Credit,2025-07-09
201437,100712,Savings,2025-10-29
201438,100712,Cheque,2025-05-10
201439,100713,Savings,2024-02-13
201440,100713,Cheque,2026-01-20
201441,100713,Credit,2025-09-26
201442,100714,Savings,2024-11-06
201443,100715,Savings,2026-02-11
201444,100715,Credit,2025-01-15
201445,100716,Cheque,2025-09-05
201446,100717,Cheque,2022-07-29
201447,100718,Credit,2025-11-27
201448,100718,Savings,2025-06-18
201449,100718,Cheque,2025-12-17
201450,100719,Credit,2026-07-02
201451,100719,Cheque,2026-05-09
201452,100720,Cheque,2024-04-11
201453,100720,Credit,2025-07-01
201454,100721,Savings,2026-04-16
201455,100722,Credit,2024-05-31
201456,100722,Savings,2024-05-27
201457,100723,Credit,2025-06-28
201458,100724,Credit,2025-10-20
201459,100724,Cheque,2026-06-11
201460,100724,Savings,2025-11-11
201461,100725,Credit,2026-06-02
201462,100725,Savings,2026-03-12
201463,100726,Cheque,2023-11-01
201464,100726,Credit,2025-02-15
201465,100726,Savings,2021-12-08
201466,100727,Savings,2026-03-06
201467,100727,Cheque,2024-05-23
201468,100727,Credit,2025-07-12
201469,100728,Savings,2024-09-23
201470,100729,Savings,2026-07-08
201471,100730,Cheque,2025-07-24
201472,100731,Credit,2024-09-08
201473,100731,Savings,2024-12-24
201474,100731,Cheque,2023-12-14
201475,100732,Savings,2022-11-14
201476,100732,Credit,2025-04-21
201477,100733,Savings,2020-12-13
201478,100733,Cheque,2022-06-06
201479,100733,Credit,2026-05-27
201480,100734,Cheque,2026-06-30
201481,100734,Savings,2026-07-11
201482,100735,Credit,2026-06-08
201483,100735,Cheque,2025-11-01
201484,100736,Savings,2025-12-14
201485,100736,Credit,2024-06-18
201486,100736,Cheque,2025-05-11
201487,100737,Credit,2023-11-25
201488,100737,Cheque,2023-10-16
201489,100738,Cheque,2024-05-22
201490,100738,Credit,2021-03-08
201491,100739,Credit,2022-05-02
201492,100740,Savings,2025-11-29
201493,100740,Cheque,2025-03-16
201494,100741,Savings,2025-11-29
201495,100742,Cheque,2026-06-05
201496,100742,Savings,2026-05-01
201497,100743,Savings,2023-09-15
201498,100743,Credit,2021-01-12
201499,100744,Credit,2025-05-17
201500,100744,Cheque,2023-10-17
201501,100744,Savings,2025-04-28
201502,100745,Savings,2022-08-02
201503,100745,Credit,2024-03-12
201504,100746,Credit,2025-08-27
201505,100747,Credit,2025-09-06
201506,100748,Credit,2024-12-27
201507,100748,Savings,2021-08-16
201508,100748,Cheque,2023-08-05
201509,100749,Credit,2023-10-14
201510,100749,Cheque,2026-04-11
201511,100749,Savings,2024-04-10
201512,100750,Credit,2026-06-15
201513,100750,Savings,2026-05-16
201514,100751,Cheque,2022-11-10
201515,100752,Savings,2025-11-13
201516,100753,Credit,2025-05-27
201517,100753,Savings,2023-01-04
201518,100753,Cheque,2025-08-20
201519,100754,Credit,2024-07-01
201520,100755,Cheque,2023-10-24
201521,100755,Credit,2024-02-17
201522,100755,Savings,2026-01-07
201523,100756,Cheque,2026-04-13
201524,100757,Credit,2024-10-01
201525,100758,Savings,2024-03-11
201526,100758,Cheque,2022-08-31
201527,100758,Credit,2024-09-27
201528,100759,Cheque,2021-09-01
201529,100759,Savings,2026-01-16
201530,100759,Credit,2025-09-03
201531,100760,Cheque,2021-04-17
201532,100761,Credit,2024-09-27
201533,100762,Savings,2022-10-24
201534,100763,Cheque,2022-12-17
201535,100763,Savings,2024-08-18
201536,100764,Credit,2026-07-05
201537,100765,Credit,2025-12-17
201538,100765,Cheque,2026-03-20
201539,100766,Savings,2024-04-13
201540,100767,Savings,2024-01-04
201541,100767,Credit,2023-05-04
201542,100768,Savings,2025-05-04
201543,100768,Cheque,2025-12-02
201544,100768,Credit,2021-09-21
201545,100769,Credit,2025-12-26
201546,100770,Credit,2026-04-13
201547,100770,Savings,2024-05-22
201548,100771,Savings,2026-06-12
201549,100771,Credit,2026-07-07
201550,100771,Cheque,2026-06-21
201551,100772,Savings,2026-03-17
201552,100773,Credit,2021-08-25
201553,100773,Cheque,2023-02-20
201554,100774,Credit,2024-03-27
201555,100774,Savings,2024-02-02
201556,100775,Cheque,2026-07-11
201557,100775,Savings,2024-06-07
201558,100776,Cheque,2026-01-28
201559,100776,Savings,2026-04-28
201560,100777,Credit,2021-05-30
201561,100777,Savings,2024-05-03
201562,100778,Cheque,2023-02-16
201563,100778,Credit,2021-03-17
201564,100779,Cheque,2026-04-16
201565,100779,Credit,2026-03-02
201566,100779,Savings,2026-07-07
201567,100780,Cheque,2024-12-21
201568,100781,Credit,2024-05-27
201569,100781,Savings,2024-12-21
201570,100781,Cheque,2022-12-16
201571,100782,Credit,2026-01-09
201572,100782,Savings,2025-11-14
201573,100782,Cheque,2026-03-10
201574,100783,Credit,2022-08-28
201575,100783,Savings,2025-06-26
201576,100784,Savings,2026-05-10
201577,100784,Credit,2026-06-17
201578,100784,Cheque,2025-08-18
201579,100785,Credit,2025-12-23
201580,100786,Savings,2022-07-20
201581,100786,Cheque,2021-02-05
201582,100786,Credit,2023-09-22
201583,100787,Cheque,2020-09-21
201584,100788,Savings,2020-12-10
201585,100788,Cheque,2026-03-03
201586,100788,Credit,2022-06-25
201587,100789,Savings,2026-06-26
201588,100789,Credit,2026-07-12
201589,100790,Credit,2022-03-22
201590,100791,Savings,2026-04-13
201591,100791,Credit,2026-04-07
201592,100792,Savings,2025-04-27
201593,100792,Cheque,2022-06-13
201594,100793,Credit,2023-08-19
201595,100793,Savings,2026-02-25
201596,100793,Cheque,2026-01-01
201597,100794,Cheque,2024-06-03
201598,100794,Savings,2025-11-26
201599,100794,Credit,2023-12-23
201600,100795,Credit,2025-06-13
201601,100796,Savings,2024-05-13
201602,100796,Credit,2023-09-20
201603,100796,Cheque,2022-09-07
201604,100797,Credit,2025-03-29
201605,100797,Savings,2025-09-21
201606,100797,Cheque,2026-03-25
201607,100798,Cheque,2021-12-24
201608,100798,Savings,2024-08-11
201609,100799,Savings,2026-06-12
201610,100799,Credit,2021-03-09
201611,100800,Savings,2024-05-15
201612,100800,Cheque,2025-08-01
201613,100801,Credit,2025-10-09
201614,100801,Savings,2026-05-10
201615,100801,Cheque,2025-12-20
201616,100802,Credit,2020-11-30
201617,100802,Savings,2024-06-16
201618,100802,Cheque,2020-12-29
201619,100803,Credit,2020-08-19
201620,100803,Savings,2022-03-12
201621,100803,Cheque,2021-02-21
201622,100804,Cheque,2024-10-23
201623,100804,Savings,2023-05-10
201624,100805,Credit,2026-02-17
201625,100805,Savings,2024-01-13
201626,100806,Savings,2024-10-25
201627,100806,Credit,2023-02-15
201628,100807,Credit,2022-07-20
201629,100808,Savings,2026-05-09
201630,100808,Cheque,2025-01-13
201631,100809,Savings,2026-05-29
201632,100809,Credit,2025-12-21
201633,100809,Cheque,2026-04-26
201634,100810,Cheque,2026-06-27
201635,100810,Savings,2020-04-07
201636,100811,Cheque,2021-12-01
201637,100812,Savings,2024-01-02
201638,100813,Savings,2024-09-16
201639,100813,Credit,2023-04-15
201640,100814,Savings,2026-01-17
201641,100814,Credit,2025-01-06
201642,100814,Cheque,2023-11-21
201643,100815,Cheque,2020-12-24
201644,100815,Savings,2025-05-25
201645,100816,Cheque,2024-04-15
201646,100817,Savings,2024-11-15
201647,100817,Cheque,2024-11-16
201648,100818,Credit,2022-08-11
201649,100818,Savings,2023-07-02
201650,100819,Cheque,2022-03-07
201651,100819,Credit,2026-04-09
201652,100820,Cheque,2023-11-09
201653,100820,Savings,2025-07-17
201654,100821,Cheque,2022-03-29
201655,100822,Savings,2023-06-15
201656,100822,Cheque,2024-10-19
201657,100823,Cheque,2023-03-12
201658,100823,Savings,2026-01-07
201659,100824,Savings,2023-09-15
201660,100824,Credit,2024-03-30
201661,100824,Cheque,2025-08-20
201662,100825,Savings,2024-04-04
201663,100825,Credit,2024-07-18
201664,100826,Credit,2023-05-03
201665,100826,Savings,2024-04-10
201666,100826,Cheque,2023-06-03
201667,100827,Credit,2025-06-10
201668,100828,Cheque,2024-12-26
201669,100829,Credit,2026-04-03
201670,100830,Cheque,2025-06-05
201671,100830,Credit,2023-01-10
201672,100830,Savings,2023-12-23
201673,100831,Savings,2024-12-27
201674,100832,Credit,2025-05-21
201675,100833,Savings,2023-07-13
201676,100834,Cheque,2024-12-07
201677,100834,Credit,2025-09-09
201678,100834,Savings,2026-03-17
201679,100835,Credit,2024-10-22
201680,100836,Cheque,2021-01-23
201681,100836,Credit,2020-03-05
201682,100836,Savings,2022-03-13
201683,100837,Cheque,2023-05-12
201684,100837,Savings,2022-11-18
201685,100837,Credit,2022-03-21
201686,100838,Cheque,2024-07-27
201687,100838,Credit,2024-03-03
201688,100838,Savings,2026-06-02
201689,100839,Credit,2025-01-05
201690,100839,Cheque,2026-05-30
201691,100840,Credit,2024-07-20
201692,100841,Cheque,2021-08-21
201693,100841,Savings,2022-02-11
201694,100842,Credit,2024-08-16
201695,100842,Cheque,2025-12-30
201696,100842,Savings,2026-04-05
201697,100843,Cheque,2023-08-06
201698,100844,Credit,2024-08-04
201699,100845,Credit,2026-05-12
201700,100845,Savings,2024-12-29
201701,100846,Savings,2025-06-27
201702,100847,Cheque,2025-01-04
201703,100848,Savings,2026-05-16
201704,100849,Cheque,2026-06-03
201705,100850,Savings,2025-03-30
201706,100851,Cheque,2025-01-12
201707,100851,Savings,2024-01-12
201708,100851,Credit,2025-09-25
201709,100852,Credit,2026-06-06
201710,100852,Savings,2026-02-27
201711,100852,Cheque,2022-01-30
201712,100853,Savings,2025-07-23
201713,100853,Credit,2023-11-18
201714,100854,Credit,2026-03-16
201715,100854,Savings,2026-05-05
201716,100855,Savings,2022-10-09
201717,100855,Credit,2023-04-11
201718,100856,Savings,2022-03-29
201719,100856,Credit,2024-10-27
201720,100857,Cheque,2025-03-05
201721,100857,Credit,2025-11-09
201722,100857,Savings,2026-01-09
201723,100858,Savings,2026-02-15
201724,100859,Credit,2022-08-01
201725,100859,Savings,2025-08-30
201726,100859,Cheque,2025-07-05
201727,100860,Cheque,2023-10-07
201728,100860,Savings,2025-04-03
201729,100860,Credit,2023-04-01
201730,100861,Savings,2024-07-28
201731,100861,Cheque,2024-10-01
201732,100861,Credit,2024-07-13
201733,100862,Cheque,2026-06-19
201734,100862,Savings,2026-06-24
201735,100862,Credit,2024-12-10
201736,100863,Savings,2026-06-27
201737,100863,Cheque,2026-06-02
201738,100864,Cheque,2021-07-10
201739,100864,Savings,2023-11-21
201740,100864,Credit,2021-03-28
201741,100865,Savings,2022-10-28
201742,100865,Cheque,2024-09-10
201743,100866,Credit,2021-10-01
201744,100867,Cheque,2024-11-02
201745,100867,Credit,2025-01-27
201746,100868,Savings,2025-02-12
201747,100868,Cheque,2024-12-11
201748,100868,Credit,2023-02-08
201749,100869,Cheque,2024-01-07
201750,100870,Cheque,2025-07-11
201751,100870,Credit,2025-03-23
201752,100871,Savings,2022-03-17
201753,100871,Credit,2024-12-11
201754,100872,Cheque,2026-07-12
201755,100873,Savings,2025-05-07
201756,100873,Cheque,2026-01-20
201757,100873,Credit,2024-08-31
201758,100874,Cheque,2026-05-29
201759,100874,Credit,2024-08-04
201760,100874,Savings,2024-11-16
201761,100875,Savings,2025-05-13
201762,100876,Cheque,2024-05-04
201763,100877,Cheque,2026-04-06
201764,100877,Credit,2026-01-23
201765,100878,Cheque,2024-05-09
201766,100878,Savings,2024-04-29
201767,100879,Credit,2025-07-02
201768,100879,Cheque,2021-04-24
201769,100880,Cheque,2025-08-14
201770,100880,Credit,2026-03-06
201771,100880,Savings,2026-07-08
201772,100881,Cheque,2026-05-15
201773,100881,Credit,2024-01-25
201774,100881,Savings,2023-03-17
201775,100882,Credit,2025-12-07
201776,100882,Cheque,2026-05-07
201777,100882,Savings,2023-08-18
201778,100883,Cheque,2024-01-29
201779,100883,Credit,2023-09-09
201780,100883,Savings,2023-08-11
201781,100884,Savings,2025-08-09
201782,100884,Credit,2025-06-05
201783,100885,Credit,2024-06-24
201784,100886,Cheque,2023-12-24
201785,100886,Savings,2025-02-17
201786,100886,Credit,2023-04-08
201787,100887,Credit,2023-08-11
201788,100887,Savings,2024-11-16
201789,100888,Cheque,2025-06-05
201790,100888,Credit,2024-03-20
201791,100888,Savings,2026-05-24
201792,100889,Credit,2026-06-27
201793,100889,Savings,2026-06-23
201794,100890,Cheque,2023-05-27
201795,100890,Savings,2026-02-04
201796,100891,Credit,2025-10-14
201797,100891,Savings,2023-03-20
201798,100892,Savings,2025-01-03
201799,100893,Cheque,2025-04-18
201800,100893,Credit,2024-09-09
201801,100894,Credit,2026-02-27
201802,100894,Savings,2023-03-28
201803,100895,Cheque,2026-02-25
201804,100895,Savings,2021-06-28
201805,100896,Cheque,2026-06-20
201806,100897,Savings,2025-04-27
201807,100898,Savings,2026-06-07
201808,100898,Credit,2026-04-18
201809,100899,Credit,2025-05-17
201810,100899,Cheque,2025-10-27
201811,100900,Savings,2022-01-06
201812,100901,Credit,2021-10-31
201813,100901,Savings,2024-04-12
201814,100901,Cheque,2021-06-29
201815,100902,Savings,2022-11-21
201816,100902,Credit,2022-04-13
201817,100902,Cheque,2022-04-14
201818,100903,Cheque,2024-09-28
201819,100903,Credit,2023-11-17
201820,100904,Cheque,2026-04-30
201821,100905,Savings,2023-10-07
201822,100905,Cheque,2025-10-27
201823,100906,Cheque,2025-01-23
201824,100906,Savings,2026-02-06
201825,100907,Credit,2025-03-21
201826,100907,Savings,2025-01-15
201827,100907,Cheque,2024-11-01
201828,100908,Credit,2023-01-08
201829,100908,Savings,2025-05-29
201830,100908,Cheque,2024-04-08
201831,100909,Savings,2026-04-02
201832,100909,Cheque,2026-07-09
201833,100909,Credit,2026-06-28
201834,100910,Cheque,2024-06-28
201835,100910,Savings,2023-12-18
201836,100911,Credit,2025-06-30
201837,100912,Cheque,2025-05-22
201838,100912,Credit,2022-05-20
201839,100913,Savings,2022-03-29
201840,100913,Credit,2025-09-09
201841,100914,Cheque,2024-08-20
201842,100914,Credit,2024-06-28
201843,100914,Savings,2024-05-22
201844,100915,Savings,2026-05-26
201845,100915,Credit,2026-07-07
201846,100916,Cheque,2026-06-18
201847,100916,Credit,2026-07-04
201848,100916,Savings,2026-07-08
201849,100917,Savings,2026-05-15
201850,100917,Credit,2026-01-14
201851,100918,Credit,2026-05-15
201852,100919,Credit,2024-06-25
201853,100920,Savings,2021-09-22
201854,100920,Cheque,2024-04-23
201855,100920,Credit,2024-06-19
201856,100921,Credit,2026-02-15
201857,100921,Savings,2025-02-07
201858,100922,Credit,2023-08-11
201859,100923,Credit,2024-07-25
201860,100924,Savings,2025-12-11
201861,100925,Credit,2025-02-02
201862,100925,Savings,2026-02-22
201863,100926,Credit,2025-06-05
201864,100926,Savings,2025-03-08
201865,100926,Cheque,2026-03-22
201866,100927,Savings,2026-03-14
201867,100928,Cheque,2026-02-25
201868,100929,Savings,2024-07-10
201869,100930,Cheque,2025-08-04
201870,100930,Credit,2026-03-11
201871,100930,Savings,2026-06-24
201872,100931,Cheque,2026-06-12
201873,100932,Cheque,2025-07-23
201874,100932,Savings,2024-07-05
201875,100933,Savings,2021-03-04
201876,100934,Cheque,2022-08-19
201877,100935,Credit,2025-11-30
201878,100936,Credit,2022-02-03
201879,100937,Savings,2026-03-13
201880,100937,Cheque,2026-05-13
201881,100937,Credit,2026-04-14
201882,100938,Credit,2025-10-02
201883,100938,Savings,2025-08-11
201884,100938,Cheque,2024-01-18
201885,100939,Credit,2024-10-11
201886,100939,Cheque,2025-10-11
201887,100939,Savings,2025-10-27
201888,100940,Credit,2025-12-31
201889,100940,Cheque,2026-04-23
201890,100941,Credit,2026-06-29
201891,100941,Cheque,2026-03-17
201892,100941,Savings,2024-12-03
201893,100942,Savings,2025-08-26
201894,100942,Credit,2026-03-09
201895,100942,Cheque,2025-04-18
201896,100943,Savings,2021-08-31
201897,100943,Cheque,2022-02-06
201898,100944,Cheque,2026-04-13
201899,100944,Savings,2026-03-22
201900,100945,Cheque,2026-06-21
201901,100945,Savings,2025-11-09
201902,100946,Cheque,2025-10-02
201903,100947,Savings,2023-03-06
201904,100948,Savings,2025-09-12
201905,100949,Credit,2024-03-18
201906,100949,Savings,2021-10-07
201907,100949,Cheque,2026-05-27
201908,100950,Cheque,2025-03-18
201909,100950,Credit,2024-09-01
201910,100950,Savings,2026-04-07
201911,100951,Credit,2024-04-21
201912,100952,Credit,2026-05-18
201913,100952,Cheque,2026-02-22
201914,100953,Cheque,2023-10-06
201915,100953,Savings,2023-02-02
201916,100954,Cheque,2026-01-30
201917,100954,Credit,2024-12-22
201918,100954,Savings,2024-11-28
201919,100955,Savings,2026-03-29
201920,100955,Credit,2022-06-13
201921,100956,Cheque,2025-09-12
201922,100957,Credit,2024-09-21
201923,100957,Savings,2026-03-10
201924,100957,Cheque,2023-10-02
201925,100958,Cheque,2025-10-17
201926,100958,Savings,2025-08-23
201927,100959,Savings,2025-12-11
201928,100959,Credit,2026-02-18
201929,100960,Cheque,2025-07-23
201930,100960,Credit,2025-05-12
201931,100961,Savings,2024-03-17
201932,100961,Credit,2026-04-04
201933,100961,Cheque,2023-04-21
201934,100962,Savings,2026-05-28
201935,100962,Credit,2025-10-24
201936,100963,Cheque,2025-09-22
201937,100963,Credit,2024-08-25
201938,100963,Savings,2025-04-25
201939,100964,Cheque,2020-12-22
201940,100965,Cheque,2023-05-08
201941,100965,Credit,2022-03-14
201942,100965,Savings,2022-11-08
201943,100966,Savings,2026-01-01
201944,100966,Credit,2025-06-13
201945,100966,Cheque,2026-04-06
201946,100967,Cheque,2024-01-16
201947,100967,Savings,2025-01-19
201948,100967,Credit,2025-07-13
201949,100968,Savings,2025-07-22
201950,100968,Credit,2026-02-14
201951,100968,Cheque,2025-07-24
201952,100969,Cheque,2022-10-18
201953,100970,Cheque,2022-09-02
201954,100971,Credit,2025-02-22
201955,100972,Credit,2025-11-13
201956,100973,Cheque,2023-11-07
201957,100974,Cheque,2022-02-18
201958,100975,Cheque,2023-09-15
201959,100975,Savings,2023-12-30
201960,100975,Credit,2022-09-24
201961,100976,Cheque,2025-11-06
201962,100976,Credit,2025-06-18
201963,100976,Savings,2022-11-23
201964,100977,Credit,2023-12-31
201965,100977,Savings,2024-04-22
201966,100977,Cheque,2025-07-31
201967,100978,Credit,2023-08-20
201968,100978,Cheque,2023-06-12
201969,100978,Savings,2025-02-19
201970,100979,Cheque,2026-06-19
201971,100979,Savings,2026-06-26
201972,100979,Credit,2026-06-16
201973,100980,Cheque,2026-04-14
201974,100981,Cheque,2026-01-16
201975,100981,Savings,2025-11-10
201976,100981,Credit,2026-07-10
201977,100982,Cheque,2026-07-05
201978,100983,Credit,2026-07-07
201979,100983,Savings,2023-06-13
201980,100984,Savings,2024-07-29
201981,100984,Credit,2022-12-22
201982,100984,Cheque,2026-04-30
201983,100985,Savings,2026-04-18
201984,100986,Savings,2026-05-29
201985,100987,Cheque,2024-07-30
201986,100987,Savings,2023-04-30
201987,100988,Savings,2025-08-06
201988,100988,Cheque,2026-04-02
201989,100989,Credit,2024-11-24
201990,100989,Cheque,2024-06-07
201991,100989,Savings,2024-12-15
201992,100990,Credit,2023-05-06
201993,100991,Cheque,2023-06-09
201994,100991,Credit,2025-10-28
201995,100992,Credit,2025-11-21
201996,100992,Savings,2025-08-08
201997,100992,Cheque,2025-10-23
201998,100993,Cheque,2025-03-25
201999,100993,Credit,2023-11-19
202000,100993,Savings,2024-11-05
202001,100994,Credit,2022-10-03
202002,100994,Cheque,2025-05-26
202003,100995,Savings,2024-11-02
202004,100996,Cheque,2026-06-16
202005,100996,Credit,2026-06-12
202006,100996,Savings,2026-06-08
202007,100997,Credit,2025-12-02
202008,100997,Savings,2025-05-15
202009,100998,Credit,2023-05-28
202010,100998,Cheque,2024-11-19
202011,100999,Savings,2026-05-11
202012,100999,Cheque,2025-12-15
202013,101000,Savings,2024-10-16
202014,101000,Cheque,2026-07-08
202015,101000,Credit,2022-02-27
